geopoint_1,timestamp_1,codice_fiscale_1,codice_fiscale_2
45.4416 9.1956,2020-03-27 16:29:18,CSSGPP98M17F205R,SNTNGL70S52F205K
45.4416 9.1956,2020-03-27 16:29:18,CSSGPP98M17F205R,MRLCCT62L64F205U
45.4416 9.1956,2020-03-27 16:29:18,CSSGPP98M17F205R,FRRTZN41S41F205M
45.4416 9.1956,2020-03-27 16:29:18,CSSGPP98M17F205R,CNIFBA29S26F205E
45.4416 9.1956,2020-03-27 16:29:18,SNTNGL70S52F205K,MRLCCT62L64F205U
45.4416 9.1956,2020-03-27 16:29:18,SNTNGL70S52F205K,FRRTZN41S41F205M
45.4416 9.1956,2020-03-27 16:29:18,SNTNGL70S52F205K,CNIFBA29S26F205E
45.4416 9.1956,2020-03-27 16:29:18,MRLCCT62L64F205U,FRRTZN41S41F205M
45.4416 9.1956,2020-03-27 16:29:18,MRLCCT62L64F205U,CNIFBA29S26F205E
45.4416 9.1956,2020-03-27 16:29:18,FRRTZN41S41F205M,CNIFBA29S26F205E
45.4416 9.1956,2020-04-07 16:37:03,MNCCST42A53F205M,RSSLRT71P04F205Z
45.4416 9.1956,2020-04-07 16:37:03,MNCCST42A53F205M,DNDLCN60T68F205D
45.4416 9.1956,2020-04-07 16:37:03,MNCCST42A53F205M,BNCTTN58B66F205Z
45.4416 9.1956,2020-04-07 16:37:03,RSSLRT71P04F205Z,DNDLCN60T68F205D
45.4416 9.1956,2020-04-07 16:37:03,RSSLRT71P04F205Z,BNCTTN58B66F205Z
45.4416 9.1956,2020-04-07 16:37:03,DNDLCN60T68F205D,BNCTTN58B66F205Z
45.4416 9.1956,2020-06-28 08:39:14,ZGRMRC33H29F205C,VNTNLS79P42F205D
45.4416 9.1956,2020-06-28 08:39:14,ZGRMRC33H29F205C,TRVMLD80M45F205H
45.4416 9.1956,2020-06-28 08:39:14,ZGRMRC33H29F205C,MSSMRC29A24F205P
45.4416 9.1956,2020-06-28 08:39:14,VNTNLS79P42F205D,TRVMLD80M45F205H
45.4416 9.1956,2020-06-28 08:39:14,VNTNLS79P42F205D,MSSMRC29A24F205P
45.4416 9.1956,2020-06-28 08:39:14,TRVMLD80M45F205H,MSSMRC29A24F205P
45.4416 9.1956,2020-11-05 01:24:29,NNNSMN27A16F205Y,BRLMNT33R67F205G
45.4416 9.1956,2020-11-05 01:24:29,NNNSMN27A16F205Y,RSSSCH56B07F205X
45.4416 9.1956,2020-11-05 01:24:29,NNNSMN27A16F205Y,SBTPRC51E51F205Z
45.4416 9.1956,2020-11-05 01:24:29,BRLMNT33R67F205G,RSSSCH56B07F205X
45.4416 9.1956,2020-11-05 01:24:29,BRLMNT33R67F205G,SBTPRC51E51F205Z
45.4416 9.1956,2020-11-05 01:24:29,RSSSCH56B07F205X,SBTPRC51E51F205Z
45.4416 9.1956,2021-04-27 10:40:27,SRRPTR37L31F205X,CSSGPP98M17F205R
45.4416 9.1956,2021-05-26 20:09:53,MSSMRC29A24F205P,FLRMRA25T04F205E
45.4416 9.1956,2021-05-26 20:09:53,MSSMRC29A24F205P,ZZIGLI47B09F205P
45.4416 9.1956,2021-05-26 20:09:53,MSSMRC29A24F205P,SPSGRG72L11F205C
45.4416 9.1956,2021-05-26 20:09:53,FLRMRA25T04F205E,ZZIGLI47B09F205P
45.4416 9.1956,2021-05-26 20:09:53,FLRMRA25T04F205E,SPSGRG72L11F205C
45.4416 9.1956,2021-05-26 20:09:53,ZZIGLI47B09F205P,SPSGRG72L11F205C
45.4416 9.1956,2021-09-30 23:12:42,BNCVGN30E54F205Q,SRRPTR37L31F205X
45.4416 9.1956,2021-09-30 23:12:42,BNCVGN30E54F205Q,DBNLGU38M28F205V
45.4416 9.1956,2021-09-30 23:12:42,BNCVGN30E54F205Q,NCNLGU71R24F205S
45.4416 9.1956,2021-09-30 23:12:42,SRRPTR37L31F205X,DBNLGU38M28F205V
45.4416 9.1956,2021-09-30 23:12:42,SRRPTR37L31F205X,NCNLGU71R24F205S
45.4416 9.1956,2021-09-30 23:12:42,DBNLGU38M28F205V,NCNLGU71R24F205S
45.4416 9.1956,2021-11-25 01:07:02,LOIRTI74B47F205L,MRNDNI22C45F205I
45.4416 9.1956,2021-11-25 01:07:02,LOIRTI74B47F205L,DNDRLL26T71F205K
45.4416 9.1956,2021-11-25 01:07:02,MRNDNI22C45F205I,DNDRLL26T71F205K
45.4416 9.1956,2021-12-20 01:33:03,MNCGRG44B03F205V,RZZKJN46R10F205S
45.4416 9.1956,2021-12-20 01:33:03,MNCGRG44B03F205V,RSSPQL28B22F205J
45.4416 9.1956,2021-12-20 01:33:03,MNCGRG44B03F205V,RSSSCH56B07F205X
45.4416 9.1956,2021-12-20 01:33:03,RZZKJN46R10F205S,RSSPQL28B22F205J
45.4416 9.1956,2021-12-20 01:33:03,RZZKJN46R10F205S,RSSSCH56B07F205X
45.4416 9.1956,2021-12-20 01:33:03,RSSPQL28B22F205J,RSSSCH56B07F205X
45.4434 9.2119,2020-03-27 16:29:18,FRRLRA48H59F205K,SMRMTT50M21F205D
45.4434 9.2119,2020-03-27 16:29:18,FRRLRA48H59F205K,RSSCNZ84T53F205B
45.4434 9.2119,2020-03-27 16:29:18,SMRMTT50M21F205D,RSSCNZ84T53F205B
45.4434 9.2119,2020-04-07 16:37:03,DMCRRT51B51F205G,DSTGCM33H29F205F
45.4434 9.2119,2020-04-07 16:37:03,DMCRRT51B51F205G,SRFBRC62R41F205B
45.4434 9.2119,2020-04-07 16:37:03,DSTGCM33H29F205F,SRFBRC62R41F205B
45.4434 9.2119,2020-06-28 08:39:14,RSSMNR92P47F205B,SLVNRC74B27F205P
45.4434 9.2119,2020-06-28 08:39:14,RSSMNR92P47F205B,BNCLNZ86A18F205N
45.4434 9.2119,2020-06-28 08:39:14,RSSMNR92P47F205B,RZZFNC92S07F205C
45.4434 9.2119,2020-06-28 08:39:14,RSSMNR92P47F205B,GROMTN81P65F205R
45.4434 9.2119,2020-06-28 08:39:14,SLVNRC74B27F205P,BNCLNZ86A18F205N
45.4434 9.2119,2020-06-28 08:39:14,SLVNRC74B27F205P,RZZFNC92S07F205C
45.4434 9.2119,2020-06-28 08:39:14,SLVNRC74B27F205P,GROMTN81P65F205R
45.4434 9.2119,2020-06-28 08:39:14,BNCLNZ86A18F205N,RZZFNC92S07F205C
45.4434 9.2119,2020-06-28 08:39:14,BNCLNZ86A18F205N,GROMTN81P65F205R
45.4434 9.2119,2020-06-28 08:39:14,RZZFNC92S07F205C,GROMTN81P65F205R
45.4434 9.2119,2020-11-05 01:24:29,PCRFBA77D23F205D,DMRFNZ02T16F205D
45.4434 9.2119,2020-11-05 01:24:29,PCRFBA77D23F205D,CVRLCA54M59F205E
45.4434 9.2119,2020-11-05 01:24:29,DMRFNZ02T16F205D,CVRLCA54M59F205E
45.4434 9.2119,2021-02-09 10:36:54,FRNMGR59C65F205H,ZZIGLI47B09F205P
45.4434 9.2119,2021-02-09 10:36:54,FRNMGR59C65F205H,MSSMRC29A24F205P
45.4434 9.2119,2021-02-09 10:36:54,ZZIGLI47B09F205P,MSSMRC29A24F205P
45.4434 9.2119,2021-04-27 10:40:27,NNNSMN27A16F205Y,TSETTN59A58F205B
45.4434 9.2119,2021-04-27 10:40:27,NNNSMN27A16F205Y,CNTRNO52P66F205P
45.4434 9.2119,2021-04-27 10:40:27,TSETTN59A58F205B,CNTRNO52P66F205P
45.4434 9.2119,2021-05-26 20:09:53,RCCNLN45L50F205O,SRRPTR37L31F205X
45.4434 9.2119,2021-05-26 20:09:53,RCCNLN45L50F205O,CNTBRC23R47F205Z
45.4434 9.2119,2021-05-26 20:09:53,RCCNLN45L50F205O,GRRNNI58M58F205L
45.4434 9.2119,2021-05-26 20:09:53,SRRPTR37L31F205X,CNTBRC23R47F205Z
45.4434 9.2119,2021-05-26 20:09:53,SRRPTR37L31F205X,GRRNNI58M58F205L
45.4434 9.2119,2021-05-26 20:09:53,CNTBRC23R47F205Z,GRRNNI58M58F205L
45.4434 9.2119,2021-09-30 23:12:42,RSSGNE47H28F205P,TRVMLD80M45F205H
45.4434 9.2119,2021-09-30 23:12:42,RSSGNE47H28F205P,RSSLRT71P04F205Z
45.4434 9.2119,2021-09-30 23:12:42,TRVMLD80M45F205H,RSSLRT71P04F205Z
45.4434 9.2119,2021-11-25 01:07:02,FSTNGL32B25F205B,RSSNLR56R63F205F
45.4434 9.2119,2021-11-25 01:07:02,FSTNGL32B25F205B,GRODNC86D21F205V
45.4434 9.2119,2021-11-25 01:07:02,FSTNGL32B25F205B,BLBNZR23D66F205T
45.4434 9.2119,2021-11-25 01:07:02,FSTNGL32B25F205B,TRVVTR49H30F205Z
45.4434 9.2119,2021-11-25 01:07:02,RSSNLR56R63F205F,GRODNC86D21F205V
45.4434 9.2119,2021-11-25 01:07:02,RSSNLR56R63F205F,BLBNZR23D66F205T
45.4434 9.2119,2021-11-25 01:07:02,RSSNLR56R63F205F,TRVVTR49H30F205Z
45.4434 9.2119,2021-11-25 01:07:02,GRODNC86D21F205V,BLBNZR23D66F205T
45.4434 9.2119,2021-11-25 01:07:02,GRODNC86D21F205V,TRVVTR49H30F205Z
45.4434 9.2119,2021-11-25 01:07:02,BLBNZR23D66F205T,TRVVTR49H30F205Z
45.4434 9.2119,2021-12-20 01:33:03,DNGRSO41B67F205E,FRRLRA48H59F205K
45.4434 9.2119,2021-12-20 01:33:03,DNGRSO41B67F205E,RMNNDR59H13F205R
45.4434 9.2119,2021-12-20 01:33:03,DNGRSO41B67F205E,PLLLGJ23B18F205A
45.4434 9.2119,2021-12-20 01:33:03,FRRLRA48H59F205K,RMNNDR59H13F205R
45.4434 9.2119,2021-12-20 01:33:03,FRRLRA48H59F205K,PLLLGJ23B18F205A
45.4434 9.2119,2021-12-20 01:33:03,RMNNDR59H13F205R,PLLLGJ23B18F205A
45.4453 9.1437,2020-03-27 16:29:18,FRNNGL35H20F205O,BCCVCN90B25F205B
45.4453 9.1437,2020-03-27 16:29:18,FRNNGL35H20F205O,DSNFDA35P45F205I
45.4453 9.1437,2020-03-27 16:29:18,BCCVCN90B25F205B,DSNFDA35P45F205I
45.4453 9.1437,2020-04-07 16:37:03,DNGRSO41B67F205E,MNCNCL53H26F205I
45.4453 9.1437,2020-04-07 16:37:03,DNGRSO41B67F205E,DPTGNN65A27F205I
45.4453 9.1437,2020-04-07 16:37:03,DNGRSO41B67F205E,CTTPRZ95L68F205I
45.4453 9.1437,2020-04-07 16:37:03,DNGRSO41B67F205E,DRLBNC78L59F205Z
45.4453 9.1437,2020-04-07 16:37:03,MNCNCL53H26F205I,DPTGNN65A27F205I
45.4453 9.1437,2020-04-07 16:37:03,MNCNCL53H26F205I,CTTPRZ95L68F205I
45.4453 9.1437,2020-04-07 16:37:03,MNCNCL53H26F205I,DRLBNC78L59F205Z
45.4453 9.1437,2020-04-07 16:37:03,DPTGNN65A27F205I,CTTPRZ95L68F205I
45.4453 9.1437,2020-04-07 16:37:03,DPTGNN65A27F205I,DRLBNC78L59F205Z
45.4453 9.1437,2020-04-07 16:37:03,CTTPRZ95L68F205I,DRLBNC78L59F205Z
45.4453 9.1437,2020-06-28 08:39:14,NCNLGU71R24F205S,BRTMNC65B47F205Z
45.4453 9.1437,2020-06-28 08:39:14,NCNLGU71R24F205S,BRMLNZ35A64F205M
45.4453 9.1437,2020-06-28 08:39:14,NCNLGU71R24F205S,DLCMHL22H30F205K
45.4453 9.1437,2020-06-28 08:39:14,BRTMNC65B47F205Z,BRMLNZ35A64F205M
45.4453 9.1437,2020-06-28 08:39:14,BRTMNC65B47F205Z,DLCMHL22H30F205K
45.4453 9.1437,2020-06-28 08:39:14,BRMLNZ35A64F205M,DLCMHL22H30F205K
45.4453 9.1437,2020-11-05 01:24:29,FRRBKR62R04F205L,CNGLCU87M57F205C
45.4453 9.1437,2020-11-05 01:24:29,FRRBKR62R04F205L,TRVMHL91E20F205I
45.4453 9.1437,2020-11-05 01:24:29,FRRBKR62R04F205L,GSTLRI31S45F205E
45.4453 9.1437,2020-11-05 01:24:29,CNGLCU87M57F205C,TRVMHL91E20F205I
45.4453 9.1437,2020-11-05 01:24:29,CNGLCU87M57F205C,GSTLRI31S45F205E
45.4453 9.1437,2020-11-05 01:24:29,TRVMHL91E20F205I,GSTLRI31S45F205E
45.4453 9.1437,2021-02-09 10:36:54,PLCPGS25H17F205F,DGSMRC50A10F205I
45.4453 9.1437,2021-02-09 10:36:54,PLCPGS25H17F205F,MNCCST42A53F205M
45.4453 9.1437,2021-02-09 10:36:54,PLCPGS25H17F205F,RCCNLN45L50F205O
45.4453 9.1437,2021-02-09 10:36:54,PLCPGS25H17F205F,FRRGRG02D02F205S
45.4453 9.1437,2021-02-09 10:36:54,DGSMRC50A10F205I,MNCCST42A53F205M
45.4453 9.1437,2021-02-09 10:36:54,DGSMRC50A10F205I,RCCNLN45L50F205O
45.4453 9.1437,2021-02-09 10:36:54,DGSMRC50A10F205I,FRRGRG02D02F205S
45.4453 9.1437,2021-02-09 10:36:54,MNCCST42A53F205M,RCCNLN45L50F205O
45.4453 9.1437,2021-02-09 10:36:54,MNCCST42A53F205M,FRRGRG02D02F205S
45.4453 9.1437,2021-02-09 10:36:54,RCCNLN45L50F205O,FRRGRG02D02F205S
45.4453 9.1437,2021-04-27 10:40:27,CNIFBA29S26F205E,DLCMHL22H30F205K
45.4453 9.1437,2021-04-27 10:40:27,CNIFBA29S26F205E,CNTRNT70D17F205X
45.4453 9.1437,2021-04-27 10:40:27,CNIFBA29S26F205E,RMNKRN43T04F205Z
45.4453 9.1437,2021-04-27 10:40:27,DLCMHL22H30F205K,CNTRNT70D17F205X
45.4453 9.1437,2021-04-27 10:40:27,DLCMHL22H30F205K,RMNKRN43T04F205Z
45.4453 9.1437,2021-04-27 10:40:27,CNTRNT70D17F205X,RMNKRN43T04F205Z
45.4453 9.1437,2021-05-26 20:09:53,GRODNC86D21F205V,BLTWMI64S42F205G
45.4453 9.1437,2021-05-26 20:09:53,GRODNC86D21F205V,BGGCLD38D68F205W
45.4453 9.1437,2021-05-26 20:09:53,BLTWMI64S42F205G,BGGCLD38D68F205W
45.4453 9.1437,2021-09-30 23:12:42,SCHDSD36C02F205R,PRSMRN34M45F205E
45.4453 9.1437,2021-09-30 23:12:42,SCHDSD36C02F205R,SNFSRN29L21F205Q
45.4453 9.1437,2021-09-30 23:12:42,SCHDSD36C02F205R,DNDRLL26T71F205K
45.4453 9.1437,2021-09-30 23:12:42,PRSMRN34M45F205E,SNFSRN29L21F205Q
45.4453 9.1437,2021-09-30 23:12:42,PRSMRN34M45F205E,DNDRLL26T71F205K
45.4453 9.1437,2021-09-30 23:12:42,SNFSRN29L21F205Q,DNDRLL26T71F205K
45.4453 9.1437,2021-11-25 01:07:02,RCCMRM30L42F205M,RSSFDN45P04F205I
45.4453 9.1437,2021-12-20 01:33:03,RSSGRL30M54F205V,ZRDMTT99S23F205K
45.4453 9.1437,2021-12-20 01:33:03,RSSGRL30M54F205V,SLANTR91L06F205C
45.4453 9.1437,2021-12-20 01:33:03,ZRDMTT99S23F205K,SLANTR91L06F205C
45.4463 9.1254,2020-03-27 16:29:18,ZNTFRD75H09F205T,MNZPTR28R29F205L
45.4463 9.1254,2020-03-27 16:29:18,ZNTFRD75H09F205T,CNPZEI41T31F205J
45.4463 9.1254,2020-03-27 16:29:18,ZNTFRD75H09F205T,GSTLNR54C65F205D
45.4463 9.1254,2020-03-27 16:29:18,MNZPTR28R29F205L,CNPZEI41T31F205J
45.4463 9.1254,2020-03-27 16:29:18,MNZPTR28R29F205L,GSTLNR54C65F205D
45.4463 9.1254,2020-03-27 16:29:18,CNPZEI41T31F205J,GSTLNR54C65F205D
45.4463 9.1254,2020-04-07 16:37:03,FRRMNG79C52F205K,RSSVCN46A09F205H
45.4463 9.1254,2020-06-28 08:39:14,GROCRL74R59F205M,RCCLRD41A21F205V
45.4463 9.1254,2020-06-28 08:39:14,GROCRL74R59F205M,MNCNCL53H26F205I
45.4463 9.1254,2020-06-28 08:39:14,GROCRL74R59F205M,LVRLRA94T26F205B
45.4463 9.1254,2020-06-28 08:39:14,RCCLRD41A21F205V,MNCNCL53H26F205I
45.4463 9.1254,2020-06-28 08:39:14,RCCLRD41A21F205V,LVRLRA94T26F205B
45.4463 9.1254,2020-06-28 08:39:14,MNCNCL53H26F205I,LVRLRA94T26F205B
45.4463 9.1254,2020-11-05 01:24:29,RMNRSO39C65F205Q,FRRVNI47A14F205H
45.4463 9.1254,2020-11-05 01:24:29,RMNRSO39C65F205Q,TRVFNC65D18F205I
45.4463 9.1254,2020-11-05 01:24:29,RMNRSO39C65F205Q,TRVMLD80M45F205H
45.4463 9.1254,2020-11-05 01:24:29,FRRVNI47A14F205H,TRVFNC65D18F205I
45.4463 9.1254,2020-11-05 01:24:29,FRRVNI47A14F205H,TRVMLD80M45F205H
45.4463 9.1254,2020-11-05 01:24:29,TRVFNC65D18F205I,TRVMLD80M45F205H
45.4463 9.1254,2021-02-09 10:36:54,CSTMCL43M43F205Z,BNZMRC86L05F205T
45.4463 9.1254,2021-02-09 10:36:54,CSTMCL43M43F205Z,CRRNGL99E25F205Q
45.4463 9.1254,2021-02-09 10:36:54,BNZMRC86L05F205T,CRRNGL99E25F205Q
45.4463 9.1254,2021-04-27 10:40:27,RTOGRG25H07F205V,BDNFNC35H42F205H
45.4463 9.1254,2021-04-27 10:40:27,RTOGRG25H07F205V,DLCVTR79H22F205S
45.4463 9.1254,2021-04-27 10:40:27,BDNFNC35H42F205H,DLCVTR79H22F205S
45.4463 9.1254,2021-05-26 20:09:53,DLCNLC23S45F205Y,LLACGR80L71F205Z
45.4463 9.1254,2021-05-26 20:09:53,DLCNLC23S45F205Y,CSSPLA33H58F205Y
45.4463 9.1254,2021-05-26 20:09:53,LLACGR80L71F205Z,CSSPLA33H58F205Y
45.4463 9.1254,2021-09-30 23:12:42,DLCVTR79H22F205S,RZZGZL67A63F205Z
45.4463 9.1254,2021-09-30 23:12:42,DLCVTR79H22F205S,TRVFNC65D18F205I
45.4463 9.1254,2021-09-30 23:12:42,DLCVTR79H22F205S,GLLGMA68P23F205I
45.4463 9.1254,2021-09-30 23:12:42,RZZGZL67A63F205Z,TRVFNC65D18F205I
45.4463 9.1254,2021-09-30 23:12:42,RZZGZL67A63F205Z,GLLGMA68P23F205I
45.4463 9.1254,2021-09-30 23:12:42,TRVFNC65D18F205I,GLLGMA68P23F205I
45.4463 9.1254,2021-11-25 01:07:02,RSSGNE47H28F205P,GNTRNG39L64F205N
45.4463 9.1254,2021-11-25 01:07:02,RSSGNE47H28F205P,CSTJRA87R27F205A
45.4463 9.1254,2021-11-25 01:07:02,GNTRNG39L64F205N,CSTJRA87R27F205A
45.4463 9.1254,2021-12-20 01:33:03,PNNRLG24D13F205G,SBTPLA84P01F205R
45.4463 9.1254,2021-12-20 01:33:03,PNNRLG24D13F205G,RZZVNT30P61F205Z
45.4463 9.1254,2021-12-20 01:33:03,PNNRLG24D13F205G,LNTCLL59C64F205J
45.4463 9.1254,2021-12-20 01:33:03,SBTPLA84P01F205R,RZZVNT30P61F205Z
45.4463 9.1254,2021-12-20 01:33:03,SBTPLA84P01F205R,LNTCLL59C64F205J
45.4463 9.1254,2021-12-20 01:33:03,RZZVNT30P61F205Z,LNTCLL59C64F205J
45.4524 9.1484,2020-03-27 16:29:18,SCRGPL35D19F205C,RSSBZZ97B07F205Z
45.4524 9.1484,2020-03-27 16:29:18,SCRGPL35D19F205C,FBBSLL30A67F205X
45.4524 9.1484,2020-03-27 16:29:18,RSSBZZ97B07F205Z,FBBSLL30A67F205X
45.4524 9.1484,2020-04-07 16:37:03,MRCMDT81C53F205I,RSSRHL51D64F205M
45.4524 9.1484,2020-06-28 08:39:14,RCCFNC56S01F205S,RSSLRT60B11F205L
45.4524 9.1484,2020-06-28 08:39:14,RCCFNC56S01F205S,PRCJNR44E14F205W
45.4524 9.1484,2020-06-28 08:39:14,RCCFNC56S01F205S,RSSFNC67C54F205Z
45.4524 9.1484,2020-06-28 08:39:14,RCCFNC56S01F205S,CSTMCL43M43F205Z
45.4524 9.1484,2020-06-28 08:39:14,RSSLRT60B11F205L,PRCJNR44E14F205W
45.4524 9.1484,2020-06-28 08:39:14,RSSLRT60B11F205L,RSSFNC67C54F205Z
45.4524 9.1484,2020-06-28 08:39:14,RSSLRT60B11F205L,CSTMCL43M43F205Z
45.4524 9.1484,2020-06-28 08:39:14,PRCJNR44E14F205W,RSSFNC67C54F205Z
45.4524 9.1484,2020-06-28 08:39:14,PRCJNR44E14F205W,CSTMCL43M43F205Z
45.4524 9.1484,2020-06-28 08:39:14,RSSFNC67C54F205Z,CSTMCL43M43F205Z
45.4524 9.1484,2020-11-05 01:24:29,FRRLRA48H59F205K,BLTWMI64S42F205G
45.4524 9.1484,2020-11-05 01:24:29,FRRLRA48H59F205K,DNDGPP96A68F205X
45.4524 9.1484,2020-11-05 01:24:29,FRRLRA48H59F205K,SPSZEI76L25F205Q
45.4524 9.1484,2020-11-05 01:24:29,BLTWMI64S42F205G,DNDGPP96A68F205X
45.4524 9.1484,2020-11-05 01:24:29,BLTWMI64S42F205G,SPSZEI76L25F205Q
45.4524 9.1484,2020-11-05 01:24:29,DNDGPP96A68F205X,SPSZEI76L25F205Q
45.4524 9.1484,2021-04-27 10:40:27,MRNGLG75E29F205S,MSSMRC29A24F205P
45.4524 9.1484,2021-04-27 10:40:27,MRNGLG75E29F205S,RPTLNG84E43F205K
45.4524 9.1484,2021-04-27 10:40:27,MSSMRC29A24F205P,RPTLNG84E43F205K
45.4524 9.1484,2021-05-26 20:09:53,SLAPLA59L29F205L,MNTCLS36D44F205V
45.4524 9.1484,2021-05-26 20:09:53,SLAPLA59L29F205L,RVIRFL60B22F205E
45.4524 9.1484,2021-05-26 20:09:53,MNTCLS36D44F205V,RVIRFL60B22F205E
45.4524 9.1484,2021-09-30 23:12:42,RVIRFL60B22F205E,QNTLLN98E41F205W
45.4524 9.1484,2021-09-30 23:12:42,RVIRFL60B22F205E,GNTBNT68R14F205Q
45.4524 9.1484,2021-09-30 23:12:42,QNTLLN98E41F205W,GNTBNT68R14F205Q
45.4524 9.1484,2021-11-25 01:07:02,RSSLSE90T56F205N,BNCSNN76S52F205H
45.4524 9.1484,2021-11-25 01:07:02,RSSLSE90T56F205N,RMNBNN86B02F205X
45.4524 9.1484,2021-11-25 01:07:02,RSSLSE90T56F205N,DSTGCM33H29F205F
45.4524 9.1484,2021-11-25 01:07:02,BNCSNN76S52F205H,RMNBNN86B02F205X
45.4524 9.1484,2021-11-25 01:07:02,BNCSNN76S52F205H,DSTGCM33H29F205F
45.4524 9.1484,2021-11-25 01:07:02,RMNBNN86B02F205X,DSTGCM33H29F205F
45.4524 9.1484,2021-12-20 01:33:03,PRSRTI03P48F205U,FRRGZL86L45F205R
45.4524 9.2225,2020-03-27 16:29:18,RVIRFL60B22F205E,BNNMLY73E48F205S
45.4524 9.2225,2020-03-27 16:29:18,RVIRFL60B22F205E,DPLGPL42S70F205W
45.4524 9.2225,2020-03-27 16:29:18,BNNMLY73E48F205S,DPLGPL42S70F205W
45.4524 9.2225,2020-04-07 16:37:03,PNIGPP55H07F205E,SNNFNC63M11F205C
45.4524 9.2225,2020-04-07 16:37:03,PNIGPP55H07F205E,SNFSRN29L21F205Q
45.4524 9.2225,2020-04-07 16:37:03,PNIGPP55H07F205E,RVIRFL60B22F205E
45.4524 9.2225,2020-04-07 16:37:03,SNNFNC63M11F205C,SNFSRN29L21F205Q
45.4524 9.2225,2020-04-07 16:37:03,SNNFNC63M11F205C,RVIRFL60B22F205E
45.4524 9.2225,2020-04-07 16:37:03,SNFSRN29L21F205Q,RVIRFL60B22F205E
45.4524 9.2225,2020-06-28 08:39:14,SBTPRC51E51F205Z,CNGLCU87M57F205C
45.4524 9.2225,2020-06-28 08:39:14,SBTPRC51E51F205Z,SRFBRC62R41F205B
45.4524 9.2225,2020-06-28 08:39:14,SBTPRC51E51F205Z,DNGRTL75P26F205M
45.4524 9.2225,2020-06-28 08:39:14,CNGLCU87M57F205C,SRFBRC62R41F205B
45.4524 9.2225,2020-06-28 08:39:14,CNGLCU87M57F205C,DNGRTL75P26F205M
45.4524 9.2225,2020-06-28 08:39:14,SRFBRC62R41F205B,DNGRTL75P26F205M
45.4524 9.2225,2020-11-05 01:24:29,DRLBNC78L59F205Z,CNTRNT70D17F205X
45.4524 9.2225,2020-11-05 01:24:29,DRLBNC78L59F205Z,RSSBZZ97B07F205Z
45.4524 9.2225,2020-11-05 01:24:29,CNTRNT70D17F205X,RSSBZZ97B07F205Z
45.4524 9.2225,2021-02-09 10:36:54,RZZVNT30P61F205Z,GNTBNT68R14F205Q
45.4524 9.2225,2021-02-09 10:36:54,RZZVNT30P61F205Z,MNFMTT90H09F205P
45.4524 9.2225,2021-02-09 10:36:54,GNTBNT68R14F205Q,MNFMTT90H09F205P
45.4524 9.2225,2021-04-27 10:40:27,PLLLGJ23B18F205A,CMPGRG51A46F205T
45.4524 9.2225,2021-04-27 10:40:27,PLLLGJ23B18F205A,MTADTL92R54F205E
45.4524 9.2225,2021-04-27 10:40:27,PLLLGJ23B18F205A,CNGLCU87M57F205C
45.4524 9.2225,2021-04-27 10:40:27,PLLLGJ23B18F205A,DSTGCM33H29F205F
45.4524 9.2225,2021-04-27 10:40:27,CMPGRG51A46F205T,MTADTL92R54F205E
45.4524 9.2225,2021-04-27 10:40:27,CMPGRG51A46F205T,CNGLCU87M57F205C
45.4524 9.2225,2021-04-27 10:40:27,CMPGRG51A46F205T,DSTGCM33H29F205F
45.4524 9.2225,2021-04-27 10:40:27,MTADTL92R54F205E,CNGLCU87M57F205C
45.4524 9.2225,2021-04-27 10:40:27,MTADTL92R54F205E,DSTGCM33H29F205F
45.4524 9.2225,2021-04-27 10:40:27,CNGLCU87M57F205C,DSTGCM33H29F205F
45.4524 9.2225,2021-05-26 20:09:53,RSSVNT01D53F205M,GROCRL74R59F205M
45.4524 9.2225,2021-09-30 23:12:42,CMPLRT77D48F205F,CNTRNO52P66F205P
45.4524 9.2225,2021-09-30 23:12:42,CMPLRT77D48F205F,PLLFNN24R28F205N
45.4524 9.2225,2021-09-30 23:12:42,CNTRNO52P66F205P,PLLFNN24R28F205N
45.4524 9.2225,2021-11-25 01:07:02,RNLRNN74T45F205U,MTADTL92R54F205E
45.4524 9.2225,2021-11-25 01:07:02,RNLRNN74T45F205U,SNNFNC63M11F205C
45.4524 9.2225,2021-11-25 01:07:02,RNLRNN74T45F205U,FBBSLL30A67F205X
45.4524 9.2225,2021-11-25 01:07:02,MTADTL92R54F205E,SNNFNC63M11F205C
45.4524 9.2225,2021-11-25 01:07:02,MTADTL92R54F205E,FBBSLL30A67F205X
45.4524 9.2225,2021-11-25 01:07:02,SNNFNC63M11F205C,FBBSLL30A67F205X
45.4555 9.131,2020-03-27 16:29:18,RZZFNC92S07F205C,FRRMNG79C52F205K
45.4555 9.131,2020-03-27 16:29:18,RZZFNC92S07F205C,DMRFNZ02T16F205D
45.4555 9.131,2020-03-27 16:29:18,RZZFNC92S07F205C,DSNCTN69T64F205U
45.4555 9.131,2020-03-27 16:29:18,FRRMNG79C52F205K,DMRFNZ02T16F205D
45.4555 9.131,2020-03-27 16:29:18,FRRMNG79C52F205K,DSNCTN69T64F205U
45.4555 9.131,2020-03-27 16:29:18,DMRFNZ02T16F205D,DSNCTN69T64F205U
45.4555 9.131,2020-06-28 08:39:14,MNCPLA79E22F205Q,FBRVNT26H69F205E
45.4555 9.131,2020-06-28 08:39:14,MNCPLA79E22F205Q,RSSNLR56R63F205F
45.4555 9.131,2020-06-28 08:39:14,MNCPLA79E22F205Q,ZRDMTT99S23F205K
45.4555 9.131,2020-06-28 08:39:14,MNCPLA79E22F205Q,RSSMRC65M09F205M
45.4555 9.131,2020-06-28 08:39:14,FBRVNT26H69F205E,RSSNLR56R63F205F
45.4555 9.131,2020-06-28 08:39:14,FBRVNT26H69F205E,ZRDMTT99S23F205K
45.4555 9.131,2020-06-28 08:39:14,FBRVNT26H69F205E,RSSMRC65M09F205M
45.4555 9.131,2020-06-28 08:39:14,RSSNLR56R63F205F,ZRDMTT99S23F205K
45.4555 9.131,2020-06-28 08:39:14,RSSNLR56R63F205F,RSSMRC65M09F205M
45.4555 9.131,2020-06-28 08:39:14,ZRDMTT99S23F205K,RSSMRC65M09F205M
45.4555 9.131,2020-11-05 01:24:29,CNTDNC79C18F205B,SNTNGL70S52F205K
45.4555 9.131,2021-02-09 10:36:54,SBTPLA84P01F205R,MRNMTN78S47F205T
45.4555 9.131,2021-04-27 10:40:27,VNTNLS79P42F205D,DLCNLC23S45F205Y
45.4555 9.131,2021-04-27 10:40:27,VNTNLS79P42F205D,CSSPLA33H58F205Y
45.4555 9.131,2021-04-27 10:40:27,VNTNLS79P42F205D,RSSMNR92P47F205B
45.4555 9.131,2021-04-27 10:40:27,VNTNLS79P42F205D,SNTDNT68S47F205E
45.4555 9.131,2021-04-27 10:40:27,DLCNLC23S45F205Y,CSSPLA33H58F205Y
45.4555 9.131,2021-04-27 10:40:27,DLCNLC23S45F205Y,RSSMNR92P47F205B
45.4555 9.131,2021-04-27 10:40:27,DLCNLC23S45F205Y,SNTDNT68S47F205E
45.4555 9.131,2021-04-27 10:40:27,CSSPLA33H58F205Y,RSSMNR92P47F205B
45.4555 9.131,2021-04-27 10:40:27,CSSPLA33H58F205Y,SNTDNT68S47F205E
45.4555 9.131,2021-04-27 10:40:27,RSSMNR92P47F205B,SNTDNT68S47F205E
45.4555 9.131,2021-05-26 20:09:53,BNCTTN58B66F205Z,SBTPLA84P01F205R
45.4555 9.131,2021-05-26 20:09:53,BNCTTN58B66F205Z,GSMLNZ66B23F205E
45.4555 9.131,2021-05-26 20:09:53,BNCTTN58B66F205Z,CNPZEI41T31F205J
45.4555 9.131,2021-05-26 20:09:53,SBTPLA84P01F205R,GSMLNZ66B23F205E
45.4555 9.131,2021-05-26 20:09:53,SBTPLA84P01F205R,CNPZEI41T31F205J
45.4555 9.131,2021-05-26 20:09:53,GSMLNZ66B23F205E,CNPZEI41T31F205J
45.4555 9.131,2021-09-30 23:12:42,RTOMLA74P68F205W,RSSGRL30M54F205V
45.4555 9.131,2021-09-30 23:12:42,RTOMLA74P68F205W,FRNNGL35H20F205O
45.4555 9.131,2021-09-30 23:12:42,RSSGRL30M54F205V,FRNNGL35H20F205O
45.4555 9.131,2021-11-25 01:07:02,GRLFNC46T05F205Y,GNTBNT68R14F205Q
45.4555 9.131,2021-12-20 01:33:03,SPSGRG72L11F205C,RSSLRT71P04F205Z
45.4593 9.1581,2020-03-27 16:29:18,RSSTTN94M43F205F,TRVVTR49H30F205Z
45.4593 9.1581,2020-03-27 16:29:18,RSSTTN94M43F205F,DLCMSP46M50F205U
45.4593 9.1581,2020-03-27 16:29:18,TRVVTR49H30F205Z,DLCMSP46M50F205U
45.4593 9.1581,2020-04-07 16:37:03,RVIMNL50E62F205R,SLNNTA38H65F205O
45.4593 9.1581,2020-04-07 16:37:03,RVIMNL50E62F205R,PRSMRN34M45F205E
45.4593 9.1581,2020-04-07 16:37:03,SLNNTA38H65F205O,PRSMRN34M45F205E
45.4593 9.1581,2020-06-28 08:39:14,ZNNGNN98C24F205H,CSSLND92S66F205S
45.4593 9.1581,2020-06-28 08:39:14,ZNNGNN98C24F205H,RSSVNT01D53F205M
45.4593 9.1581,2020-06-28 08:39:14,ZNNGNN98C24F205H,RZZGZL67A63F205Z
45.4593 9.1581,2020-06-28 08:39:14,CSSLND92S66F205S,RSSVNT01D53F205M
45.4593 9.1581,2020-06-28 08:39:14,CSSLND92S66F205S,RZZGZL67A63F205Z
45.4593 9.1581,2020-06-28 08:39:14,RSSVNT01D53F205M,RZZGZL67A63F205Z
45.4593 9.1581,2020-11-05 01:24:29,HFRFNC42P63F205D,GRLBLH67P28F205N
45.4593 9.1581,2020-11-05 01:24:29,HFRFNC42P63F205D,FRNMRA87A56F205K
45.4593 9.1581,2020-11-05 01:24:29,HFRFNC42P63F205D,MNCGRG44B03F205V
45.4593 9.1581,2020-11-05 01:24:29,HFRFNC42P63F205D,NCNLGU71R24F205S
45.4593 9.1581,2020-11-05 01:24:29,GRLBLH67P28F205N,FRNMRA87A56F205K
45.4593 9.1581,2020-11-05 01:24:29,GRLBLH67P28F205N,MNCGRG44B03F205V
45.4593 9.1581,2020-11-05 01:24:29,GRLBLH67P28F205N,NCNLGU71R24F205S
45.4593 9.1581,2020-11-05 01:24:29,FRNMRA87A56F205K,MNCGRG44B03F205V
45.4593 9.1581,2020-11-05 01:24:29,FRNMRA87A56F205K,NCNLGU71R24F205S
45.4593 9.1581,2020-11-05 01:24:29,MNCGRG44B03F205V,NCNLGU71R24F205S
45.4593 9.1581,2021-02-09 10:36:54,TRVYBK23R16F205A,FNLNDR89S09F205V
45.4593 9.1581,2021-02-09 10:36:54,TRVYBK23R16F205A,FRRPLA61T52F205Q
45.4593 9.1581,2021-02-09 10:36:54,FNLNDR89S09F205V,FRRPLA61T52F205Q
45.4593 9.1581,2021-04-27 10:40:27,RSSLRC60P51F205B,MNCNCL53H26F205I
45.4593 9.1581,2021-04-27 10:40:27,RSSLRC60P51F205B,BRBMRL51R64F205E
45.4593 9.1581,2021-04-27 10:40:27,RSSLRC60P51F205B,CNPZEI41T31F205J
45.4593 9.1581,2021-04-27 10:40:27,MNCNCL53H26F205I,BRBMRL51R64F205E
45.4593 9.1581,2021-04-27 10:40:27,MNCNCL53H26F205I,CNPZEI41T31F205J
45.4593 9.1581,2021-04-27 10:40:27,BRBMRL51R64F205E,CNPZEI41T31F205J
45.4593 9.1581,2021-05-26 20:09:53,PNNRLG24D13F205G,PRSLSN56R28F205J
45.4593 9.1581,2021-05-26 20:09:53,PNNRLG24D13F205G,DLFCNZ84S43F205R
45.4593 9.1581,2021-05-26 20:09:53,PRSLSN56R28F205J,DLFCNZ84S43F205R
45.4593 9.1581,2021-09-30 23:12:42,CSDMNL50R71F205U,CNIMGS87S70F205V
45.4593 9.1581,2021-09-30 23:12:42,CSDMNL50R71F205U,RSSPQL28B22F205J
45.4593 9.1581,2021-09-30 23:12:42,CSDMNL50R71F205U,ZGRMRC33H29F205C
45.4593 9.1581,2021-09-30 23:12:42,CNIMGS87S70F205V,RSSPQL28B22F205J
45.4593 9.1581,2021-09-30 23:12:42,CNIMGS87S70F205V,ZGRMRC33H29F205C
45.4593 9.1581,2021-09-30 23:12:42,RSSPQL28B22F205J,ZGRMRC33H29F205C
45.4593 9.1581,2021-11-25 01:07:02,MNCGRG44B03F205V,TRVMRA74M52F205D
45.4593 9.1581,2021-11-25 01:07:02,MNCGRG44B03F205V,RSSVCN46A09F205H
45.4593 9.1581,2021-11-25 01:07:02,MNCGRG44B03F205V,VNTNLS79P42F205D
45.4593 9.1581,2021-11-25 01:07:02,TRVMRA74M52F205D,RSSVCN46A09F205H
45.4593 9.1581,2021-11-25 01:07:02,TRVMRA74M52F205D,VNTNLS79P42F205D
45.4593 9.1581,2021-11-25 01:07:02,RSSVCN46A09F205H,VNTNLS79P42F205D
45.4593 9.1581,2021-12-20 01:33:03,RNLNRC85P21F205W,DLCMSP46M50F205U
45.4607 9.2009,2020-03-27 16:29:18,BRSNLG66R49F205Z,MLVSRN26T54F205K
45.4607 9.2009,2020-03-27 16:29:18,BRSNLG66R49F205Z,PRSMRN34M45F205E
45.4607 9.2009,2020-03-27 16:29:18,BRSNLG66R49F205Z,MRNRRT51D70F205V
45.4607 9.2009,2020-03-27 16:29:18,BRSNLG66R49F205Z,BRTMNC65B47F205Z
45.4607 9.2009,2020-03-27 16:29:18,MLVSRN26T54F205K,PRSMRN34M45F205E
45.4607 9.2009,2020-03-27 16:29:18,MLVSRN26T54F205K,MRNRRT51D70F205V
45.4607 9.2009,2020-03-27 16:29:18,MLVSRN26T54F205K,BRTMNC65B47F205Z
45.4607 9.2009,2020-03-27 16:29:18,PRSMRN34M45F205E,MRNRRT51D70F205V
45.4607 9.2009,2020-03-27 16:29:18,PRSMRN34M45F205E,BRTMNC65B47F205Z
45.4607 9.2009,2020-03-27 16:29:18,MRNRRT51D70F205V,BRTMNC65B47F205Z
45.4607 9.2009,2020-04-07 16:37:03,RNLNRC85P21F205W,RCCNLN45L50F205O
45.4607 9.2009,2020-04-07 16:37:03,RNLNRC85P21F205W,CNTRNT70D17F205X
45.4607 9.2009,2020-04-07 16:37:03,RNLNRC85P21F205W,SPSGRG72L11F205C
45.4607 9.2009,2020-04-07 16:37:03,RCCNLN45L50F205O,CNTRNT70D17F205X
45.4607 9.2009,2020-04-07 16:37:03,RCCNLN45L50F205O,SPSGRG72L11F205C
45.4607 9.2009,2020-04-07 16:37:03,CNTRNT70D17F205X,SPSGRG72L11F205C
45.4607 9.2009,2020-11-05 01:24:29,BTTFRZ29D01F205L,SPSGRG72L11F205C
45.4607 9.2009,2020-11-05 01:24:29,BTTFRZ29D01F205L,RZZFNC92S07F205C
45.4607 9.2009,2020-11-05 01:24:29,SPSGRG72L11F205C,RZZFNC92S07F205C
45.4607 9.2009,2021-02-09 10:36:54,RSSVCN46A09F205H,LLACGR80L71F205Z
45.4607 9.2009,2021-04-27 10:40:27,GSTLRI31S45F205E,RSSTRS48P41F205A
45.4607 9.2009,2021-04-27 10:40:27,GSTLRI31S45F205E,DMCRRT51B51F205G
45.4607 9.2009,2021-04-27 10:40:27,GSTLRI31S45F205E,BRLMNT33R67F205G
45.4607 9.2009,2021-04-27 10:40:27,RSSTRS48P41F205A,DMCRRT51B51F205G
45.4607 9.2009,2021-04-27 10:40:27,RSSTRS48P41F205A,BRLMNT33R67F205G
45.4607 9.2009,2021-04-27 10:40:27,DMCRRT51B51F205G,BRLMNT33R67F205G
45.4607 9.2009,2021-05-26 20:09:53,PNIGPP55H07F205E,DMRFNZ02T16F205D
45.4607 9.2009,2021-05-26 20:09:53,PNIGPP55H07F205E,MNCPLA79E22F205Q
45.4607 9.2009,2021-05-26 20:09:53,DMRFNZ02T16F205D,MNCPLA79E22F205Q
45.4607 9.2009,2021-09-30 23:12:42,BRTGPP55L29F205T,CVRLCA54M59F205E
45.4607 9.2009,2021-09-30 23:12:42,BRTGPP55L29F205T,GTTRHD30E24F205F
45.4607 9.2009,2021-09-30 23:12:42,CVRLCA54M59F205E,GTTRHD30E24F205F
45.4607 9.2009,2021-11-25 01:07:02,RSSTRS48P41F205A,FNLNDR89S09F205V
45.4607 9.2009,2021-11-25 01:07:02,RSSTRS48P41F205A,ZNTFRD75H09F205T
45.4607 9.2009,2021-11-25 01:07:02,RSSTRS48P41F205A,BCCVCN90B25F205B
45.4607 9.2009,2021-11-25 01:07:02,RSSTRS48P41F205A,RCCNLN45L50F205O
45.4607 9.2009,2021-11-25 01:07:02,FNLNDR89S09F205V,ZNTFRD75H09F205T
45.4607 9.2009,2021-11-25 01:07:02,FNLNDR89S09F205V,BCCVCN90B25F205B
45.4607 9.2009,2021-11-25 01:07:02,FNLNDR89S09F205V,RCCNLN45L50F205O
45.4607 9.2009,2021-11-25 01:07:02,ZNTFRD75H09F205T,BCCVCN90B25F205B
45.4607 9.2009,2021-11-25 01:07:02,ZNTFRD75H09F205T,RCCNLN45L50F205O
45.4607 9.2009,2021-11-25 01:07:02,BCCVCN90B25F205B,RCCNLN45L50F205O
45.4607 9.2009,2021-12-20 01:33:03,RSSGMC28C11F205C,RMGGPP63H23F205W
45.4607 9.2009,2021-12-20 01:33:03,RSSGMC28C11F205C,SLAPLA59L29F205L
45.4607 9.2009,2021-12-20 01:33:03,RSSGMC28C11F205C,TRVLGU66R16F205Z
45.4607 9.2009,2021-12-20 01:33:03,RMGGPP63H23F205W,SLAPLA59L29F205L
45.4607 9.2009,2021-12-20 01:33:03,RMGGPP63H23F205W,TRVLGU66R16F205Z
45.4607 9.2009,2021-12-20 01:33:03,SLAPLA59L29F205L,TRVLGU66R16F205Z
45.4656 9.1891,2020-03-27 16:29:18,BRBFNC74P24F205Y,RSSLRT71P04F205Z
45.4656 9.1891,2020-04-07 16:37:03,ZRDMTT99S23F205K,DCSMHL33P03F205A
45.4656 9.1891,2020-04-07 16:37:03,ZRDMTT99S23F205K,TRVMHL91E20F205I
45.4656 9.1891,2020-04-07 16:37:03,DCSMHL33P03F205A,TRVMHL91E20F205I
45.4656 9.1891,2020-06-28 08:39:14,SRTGPP26S66F205E,MNCGRG44B03F205V
45.4656 9.1891,2020-06-28 08:39:14,SRTGPP26S66F205E,ZNNCST41T11F205H
45.4656 9.1891,2020-06-28 08:39:14,SRTGPP26S66F205E,DBNLGU38M28F205V
45.4656 9.1891,2020-06-28 08:39:14,MNCGRG44B03F205V,ZNNCST41T11F205H
45.4656 9.1891,2020-06-28 08:39:14,MNCGRG44B03F205V,DBNLGU38M28F205V
45.4656 9.1891,2020-06-28 08:39:14,ZNNCST41T11F205H,DBNLGU38M28F205V
45.4656 9.1891,2020-11-05 01:24:29,MRNMTN78S47F205T,MZZNTL51C67F205N
45.4656 9.1891,2021-02-09 10:36:54,BLLDNB55B43F205N,BNNMLY73E48F205S
45.4656 9.1891,2021-02-09 10:36:54,BLLDNB55B43F205N,DCSMHL33P03F205A
45.4656 9.1891,2021-02-09 10:36:54,BLLDNB55B43F205N,DPLGPL42S70F205W
45.4656 9.1891,2021-02-09 10:36:54,BLLDNB55B43F205N,DSNMLD67S60F205Y
45.4656 9.1891,2021-02-09 10:36:54,BNNMLY73E48F205S,DCSMHL33P03F205A
45.4656 9.1891,2021-02-09 10:36:54,BNNMLY73E48F205S,DPLGPL42S70F205W
45.4656 9.1891,2021-02-09 10:36:54,BNNMLY73E48F205S,DSNMLD67S60F205Y
45.4656 9.1891,2021-02-09 10:36:54,DCSMHL33P03F205A,DPLGPL42S70F205W
45.4656 9.1891,2021-02-09 10:36:54,DCSMHL33P03F205A,DSNMLD67S60F205Y
45.4656 9.1891,2021-02-09 10:36:54,DPLGPL42S70F205W,DSNMLD67S60F205Y
45.4656 9.1891,2021-04-27 10:40:27,PLLGPL46A18F205T,PRCCLD60L27F205R
45.4656 9.1891,2021-04-27 10:40:27,PLLGPL46A18F205T,DNDLCN60T68F205D
45.4656 9.1891,2021-04-27 10:40:27,PLLGPL46A18F205T,CMPBRM64R04F205W
45.4656 9.1891,2021-04-27 10:40:27,PRCCLD60L27F205R,DNDLCN60T68F205D
45.4656 9.1891,2021-04-27 10:40:27,PRCCLD60L27F205R,CMPBRM64R04F205W
45.4656 9.1891,2021-04-27 10:40:27,DNDLCN60T68F205D,CMPBRM64R04F205W
45.4656 9.1891,2021-05-26 20:09:53,SPSZEI76L25F205Q,LVRLRA94T26F205B
45.4656 9.1891,2021-05-26 20:09:53,SPSZEI76L25F205Q,RSSGNE47H28F205P
45.4656 9.1891,2021-05-26 20:09:53,SPSZEI76L25F205Q,ZGRMRC33H29F205C
45.4656 9.1891,2021-05-26 20:09:53,LVRLRA94T26F205B,RSSGNE47H28F205P
45.4656 9.1891,2021-05-26 20:09:53,LVRLRA94T26F205B,ZGRMRC33H29F205C
45.4656 9.1891,2021-05-26 20:09:53,RSSGNE47H28F205P,ZGRMRC33H29F205C
45.4656 9.1891,2021-09-30 23:12:42,RCCNLN45L50F205O,BRTMNC65B47F205Z
45.4656 9.1891,2021-09-30 23:12:42,RCCNLN45L50F205O,GMBSLL32B63F205B
45.4656 9.1891,2021-09-30 23:12:42,RCCNLN45L50F205O,CRSFNC58M68F205S
45.4656 9.1891,2021-09-30 23:12:42,BRTMNC65B47F205Z,GMBSLL32B63F205B
45.4656 9.1891,2021-09-30 23:12:42,BRTMNC65B47F205Z,CRSFNC58M68F205S
45.4656 9.1891,2021-09-30 23:12:42,GMBSLL32B63F205B,CRSFNC58M68F205S
45.4656 9.1891,2021-11-25 01:07:02,CSLSLD60E16F205L,RPTLNG84E43F205K
45.4656 9.1891,2021-12-20 01:33:03,GROMTN81P65F205R,CSTGPP64M04F205A
45.4656 9.1891,2021-12-20 01:33:03,GROMTN81P65F205R,MRTNGL87S19F205P
45.4656 9.1891,2021-12-20 01:33:03,CSTGPP64M04F205A,MRTNGL87S19F205P
45.4667 9.2043,2020-03-27 16:29:18,SRRPTR37L31F205X,MRTLSN41H07F205W
45.4667 9.2043,2020-04-07 16:37:03,NCNLGU71R24F205S,MRNMTN78S47F205T
45.4667 9.2043,2020-06-28 08:39:14,BCCLLL83H54F205F,MRNJGR80B01F205I
45.4667 9.2043,2021-02-09 10:36:54,SPSGRG72L11F205C,RSSNNI02D60F205P
45.4667 9.2043,2021-04-27 10:40:27,PRCJNR44E14F205W,ZGRMRC33H29F205C
45.4667 9.2043,2021-04-27 10:40:27,PRCJNR44E14F205W,RMGGPP63H23F205W
45.4667 9.2043,2021-04-27 10:40:27,ZGRMRC33H29F205C,RMGGPP63H23F205W
45.4667 9.2043,2021-05-26 20:09:53,RSSCNZ84T53F205B,TRVMHL91E20F205I
45.4667 9.2043,2021-05-26 20:09:53,RSSCNZ84T53F205B,CNTRNT70D17F205X
45.4667 9.2043,2021-05-26 20:09:53,TRVMHL91E20F205I,CNTRNT70D17F205X
45.4667 9.2043,2021-09-30 23:12:42,VNTGFR45C64F205A,DLCNLC23S45F205Y
45.4667 9.2043,2021-09-30 23:12:42,VNTGFR45C64F205A,RSSVSS24M48F205G
45.4667 9.2043,2021-09-30 23:12:42,DLCNLC23S45F205Y,RSSVSS24M48F205G
45.4667 9.2043,2021-11-25 01:07:02,BNCTTN58B66F205Z,BRTRVN40P19F205Y
45.4667 9.2043,2021-11-25 01:07:02,BNCTTN58B66F205Z,MNCCRS78A63F205W
45.4667 9.2043,2021-11-25 01:07:02,BRTRVN40P19F205Y,MNCCRS78A63F205W
45.4667 9.2043,2021-12-20 01:33:03,BRBMRL51R64F205E,DRLBNC78L59F205Z
45.4667 9.2043,2021-12-20 01:33:03,BRBMRL51R64F205E,BRZGRG77H17F205M
45.4667 9.2043,2021-12-20 01:33:03,DRLBNC78L59F205Z,BRZGRG77H17F205M
45.4709 9.1435,2020-03-27 16:29:18,SRFBRC62R41F205B,RCCNLN45L50F205O
45.4709 9.1435,2020-03-27 16:29:18,SRFBRC62R41F205B,DLCVTR79H22F205S
45.4709 9.1435,2020-03-27 16:29:18,SRFBRC62R41F205B,CNIMGS87S70F205V
45.4709 9.1435,2020-03-27 16:29:18,RCCNLN45L50F205O,DLCVTR79H22F205S
45.4709 9.1435,2020-03-27 16:29:18,RCCNLN45L50F205O,CNIMGS87S70F205V
45.4709 9.1435,2020-03-27 16:29:18,DLCVTR79H22F205S,CNIMGS87S70F205V
45.4709 9.1435,2020-04-07 16:37:03,RMNKRN43T04F205Z,CNTRRT88H29F205K
45.4709 9.1435,2020-06-28 08:39:14,RSSLRC60P51F205B,BLBLSN99A01F205X
45.4709 9.1435,2020-06-28 08:39:14,RSSLRC60P51F205B,PCHRKE28P65F205Z
45.4709 9.1435,2020-06-28 08:39:14,RSSLRC60P51F205B,DSTGCM33H29F205F
45.4709 9.1435,2020-06-28 08:39:14,BLBLSN99A01F205X,PCHRKE28P65F205Z
45.4709 9.1435,2020-06-28 08:39:14,BLBLSN99A01F205X,DSTGCM33H29F205F
45.4709 9.1435,2020-06-28 08:39:14,PCHRKE28P65F205Z,DSTGCM33H29F205F
45.4709 9.1435,2020-11-05 01:24:29,RSSFDN45P04F205I,MRNGLG75E29F205S
45.4709 9.1435,2021-02-09 10:36:54,CMPBRM64R04F205W,DMCRRT51B51F205G
45.4709 9.1435,2021-04-27 10:40:27,SMRMTT50M21F205D,ZZIGLI47B09F205P
45.4709 9.1435,2021-04-27 10:40:27,SMRMTT50M21F205D,MNCPLA79E22F205Q
45.4709 9.1435,2021-04-27 10:40:27,SMRMTT50M21F205D,CSTJJN70R29F205V
45.4709 9.1435,2021-04-27 10:40:27,SMRMTT50M21F205D,CSTVNT77C06F205I
45.4709 9.1435,2021-04-27 10:40:27,ZZIGLI47B09F205P,MNCPLA79E22F205Q
45.4709 9.1435,2021-04-27 10:40:27,ZZIGLI47B09F205P,CSTJJN70R29F205V
45.4709 9.1435,2021-04-27 10:40:27,ZZIGLI47B09F205P,CSTVNT77C06F205I
45.4709 9.1435,2021-04-27 10:40:27,MNCPLA79E22F205Q,CSTJJN70R29F205V
45.4709 9.1435,2021-04-27 10:40:27,MNCPLA79E22F205Q,CSTVNT77C06F205I
45.4709 9.1435,2021-04-27 10:40:27,CSTJJN70R29F205V,CSTVNT77C06F205I
45.4709 9.1435,2021-05-26 20:09:53,VRNTNN67C08F205M,PLLFNN24R28F205N
45.4709 9.1435,2021-05-26 20:09:53,VRNTNN67C08F205M,DGSMYA66T44F205C
45.4709 9.1435,2021-05-26 20:09:53,VRNTNN67C08F205M,RZZGZL67A63F205Z
45.4709 9.1435,2021-05-26 20:09:53,VRNTNN67C08F205M,DSNCTN69T64F205U
45.4709 9.1435,2021-05-26 20:09:53,PLLFNN24R28F205N,DGSMYA66T44F205C
45.4709 9.1435,2021-05-26 20:09:53,PLLFNN24R28F205N,RZZGZL67A63F205Z
45.4709 9.1435,2021-05-26 20:09:53,PLLFNN24R28F205N,DSNCTN69T64F205U
45.4709 9.1435,2021-05-26 20:09:53,DGSMYA66T44F205C,RZZGZL67A63F205Z
45.4709 9.1435,2021-05-26 20:09:53,DGSMYA66T44F205C,DSNCTN69T64F205U
45.4709 9.1435,2021-05-26 20:09:53,RZZGZL67A63F205Z,DSNCTN69T64F205U
45.4709 9.1435,2021-09-30 23:12:42,BRBFNC74P24F205Y,CTTPRZ95L68F205I
45.4709 9.1435,2021-11-25 01:07:02,CNTDNC79C18F205B,SNTNGL70S52F205K
45.4709 9.1435,2021-12-20 01:33:03,SRTNLT86B03F205E,RCCFNC56S01F205S
45.4709 9.1435,2021-12-20 01:33:03,SRTNLT86B03F205E,RTOMLA74P68F205W
45.4709 9.1435,2021-12-20 01:33:03,SRTNLT86B03F205E,PRCJNR44E14F205W
45.4709 9.1435,2021-12-20 01:33:03,RCCFNC56S01F205S,RTOMLA74P68F205W
45.4709 9.1435,2021-12-20 01:33:03,RCCFNC56S01F205S,PRCJNR44E14F205W
45.4709 9.1435,2021-12-20 01:33:03,RTOMLA74P68F205W,PRCJNR44E14F205W
45.4832 9.1752,2020-03-27 16:29:18,SNFSRN29L21F205Q,RSSTRS48P41F205A
45.4832 9.1752,2020-03-27 16:29:18,SNFSRN29L21F205Q,CNTDNC79C18F205B
45.4832 9.1752,2020-03-27 16:29:18,RSSTRS48P41F205A,CNTDNC79C18F205B
45.4832 9.1752,2020-04-07 16:37:03,CVRLCA54M59F205E,ZZICCT52A43F205N
45.4832 9.1752,2020-06-28 08:39:14,NNNSMN27A16F205Y,CSTJRA87R27F205A
45.4832 9.1752,2020-06-28 08:39:14,NNNSMN27A16F205Y,BNCVGN30E54F205Q
45.4832 9.1752,2020-06-28 08:39:14,NNNSMN27A16F205Y,PNNRLG24D13F205G
45.4832 9.1752,2020-06-28 08:39:14,CSTJRA87R27F205A,BNCVGN30E54F205Q
45.4832 9.1752,2020-06-28 08:39:14,CSTJRA87R27F205A,PNNRLG24D13F205G
45.4832 9.1752,2020-06-28 08:39:14,BNCVGN30E54F205Q,PNNRLG24D13F205G
45.4832 9.1752,2020-11-05 01:24:29,FBRVNT26H69F205E,SRTNLT86B03F205E
45.4832 9.1752,2020-11-05 01:24:29,FBRVNT26H69F205E,DGSMYA66T44F205C
45.4832 9.1752,2020-11-05 01:24:29,FBRVNT26H69F205E,DNIFLC32T23F205B
45.4832 9.1752,2020-11-05 01:24:29,SRTNLT86B03F205E,DGSMYA66T44F205C
45.4832 9.1752,2020-11-05 01:24:29,SRTNLT86B03F205E,DNIFLC32T23F205B
45.4832 9.1752,2020-11-05 01:24:29,DGSMYA66T44F205C,DNIFLC32T23F205B
45.4832 9.1752,2021-02-09 10:36:54,SPSZEI76L25F205Q,BRBVSL76M19F205R
45.4832 9.1752,2021-04-27 10:40:27,CSDMNL50R71F205U,FRRVNT33R66F205E
45.4832 9.1752,2021-05-26 20:09:53,RSSRHL51D64F205M,CSTMCL43M43F205Z
45.4832 9.1752,2021-09-30 23:12:42,RSSGRL34T52F205R,BRZGZL30R56F205I
45.4832 9.1752,2021-09-30 23:12:42,RSSGRL34T52F205R,RSSLRT60B11F205L
45.4832 9.1752,2021-09-30 23:12:42,RSSGRL34T52F205R,NNNSMN27A16F205Y
45.4832 9.1752,2021-09-30 23:12:42,BRZGZL30R56F205I,RSSLRT60B11F205L
45.4832 9.1752,2021-09-30 23:12:42,BRZGZL30R56F205I,NNNSMN27A16F205Y
45.4832 9.1752,2021-09-30 23:12:42,RSSLRT60B11F205L,NNNSMN27A16F205Y
45.4832 9.1752,2021-11-25 01:07:02,MRNMTN78S47F205T,PCRFBA77D23F205D
45.4832 9.1752,2021-11-25 01:07:02,MRNMTN78S47F205T,SRRPTR37L31F205X
45.4832 9.1752,2021-11-25 01:07:02,MRNMTN78S47F205T,VRNTNN67C08F205M
45.4832 9.1752,2021-11-25 01:07:02,PCRFBA77D23F205D,SRRPTR37L31F205X
45.4832 9.1752,2021-11-25 01:07:02,PCRFBA77D23F205D,VRNTNN67C08F205M
45.4832 9.1752,2021-11-25 01:07:02,SRRPTR37L31F205X,VRNTNN67C08F205M
45.4942 9.1856,2020-03-27 16:29:18,RSSGRL34T52F205R,SLAPLA59L29F205L
45.4942 9.1856,2020-03-27 16:29:18,RSSGRL34T52F205R,GLLSHR92H43F205A
45.4942 9.1856,2020-03-27 16:29:18,SLAPLA59L29F205L,GLLSHR92H43F205A
45.4942 9.1856,2020-04-07 16:37:03,SNTNGL70S52F205K,RSSGNE47H28F205P
45.4942 9.1856,2020-04-07 16:37:03,SNTNGL70S52F205K,CNTRNO52P66F205P
45.4942 9.1856,2020-04-07 16:37:03,RSSGNE47H28F205P,CNTRNO52P66F205P
45.4942 9.1856,2020-06-28 08:39:14,DSNSRA86B45F205G,RNLMRZ75D56F205M
45.4942 9.1856,2020-11-05 01:24:29,TRVVTR49H30F205Z,RCCVNI61B49F205Y
45.4942 9.1856,2020-11-05 01:24:29,TRVVTR49H30F205Z,DBNJQI32D23F205V
45.4942 9.1856,2020-11-05 01:24:29,TRVVTR49H30F205Z,GMBSLL32B63F205B
45.4942 9.1856,2020-11-05 01:24:29,RCCVNI61B49F205Y,DBNJQI32D23F205V
45.4942 9.1856,2020-11-05 01:24:29,RCCVNI61B49F205Y,GMBSLL32B63F205B
45.4942 9.1856,2020-11-05 01:24:29,DBNJQI32D23F205V,GMBSLL32B63F205B
45.4942 9.1856,2021-02-09 10:36:54,BNCTRS92D55F205E,RSSGRL36H05F205Z
45.4942 9.1856,2021-02-09 10:36:54,BNCTRS92D55F205E,LAIGPP85D21F205Z
45.4942 9.1856,2021-02-09 10:36:54,BNCTRS92D55F205E,GSTLRI31S45F205E
45.4942 9.1856,2021-02-09 10:36:54,BNCTRS92D55F205E,RNLRNN74T45F205U
45.4942 9.1856,2021-02-09 10:36:54,RSSGRL36H05F205Z,LAIGPP85D21F205Z
45.4942 9.1856,2021-02-09 10:36:54,RSSGRL36H05F205Z,GSTLRI31S45F205E
45.4942 9.1856,2021-02-09 10:36:54,RSSGRL36H05F205Z,RNLRNN74T45F205U
45.4942 9.1856,2021-02-09 10:36:54,LAIGPP85D21F205Z,GSTLRI31S45F205E
45.4942 9.1856,2021-02-09 10:36:54,LAIGPP85D21F205Z,RNLRNN74T45F205U
45.4942 9.1856,2021-02-09 10:36:54,GSTLRI31S45F205E,RNLRNN74T45F205U
45.4942 9.1856,2021-04-27 10:40:27,TRVMLD80M45F205H,RSSFNC67C54F205Z
45.4942 9.1856,2021-05-26 20:09:53,SNTNGL70S52F205K,CRSFNC58M68F205S
45.4942 9.1856,2021-09-30 23:12:42,RSSNNA33T66F205J,RTOGRG25H07F205V
45.4942 9.1856,2021-09-30 23:12:42,RSSNNA33T66F205J,FNLNDR89S09F205V
45.4942 9.1856,2021-09-30 23:12:42,RTOGRG25H07F205V,FNLNDR89S09F205V
45.4942 9.1856,2021-11-25 01:07:02,PRCJNR44E14F205W,MZZVCN74H22F205R
45.4942 9.1856,2021-12-20 01:33:03,MNZPTR28R29F205L,DLSLCN42M21F205J
45.4942 9.1856,2021-12-20 01:33:03,MNZPTR28R29F205L,DNGRTL75P26F205M
45.4942 9.1856,2021-12-20 01:33:03,DLSLCN42M21F205J,DNGRTL75P26F205M
45.4955 9.2085,2020-04-07 16:37:03,DGSMRS98C12F205W,MTADTL92R54F205E
45.4955 9.2085,2020-11-05 01:24:29,BNCTTN58B66F205Z,CRSCRL91L69F205B
45.4955 9.2085,2020-11-05 01:24:29,BNCTTN58B66F205Z,RZZKJN46R10F205S
45.4955 9.2085,2020-11-05 01:24:29,CRSCRL91L69F205B,RZZKJN46R10F205S
45.4955 9.2085,2021-02-09 10:36:54,GTTRHD30E24F205F,DNDRLL26T71F205K
45.4955 9.2085,2021-02-09 10:36:54,GTTRHD30E24F205F,BRSNLG66R49F205Z
45.4955 9.2085,2021-02-09 10:36:54,GTTRHD30E24F205F,CSTVNT77C06F205I
45.4955 9.2085,2021-02-09 10:36:54,GTTRHD30E24F205F,FLRMRA25T04F205E
45.4955 9.2085,2021-02-09 10:36:54,DNDRLL26T71F205K,BRSNLG66R49F205Z
45.4955 9.2085,2021-02-09 10:36:54,DNDRLL26T71F205K,CSTVNT77C06F205I
45.4955 9.2085,2021-02-09 10:36:54,DNDRLL26T71F205K,FLRMRA25T04F205E
45.4955 9.2085,2021-02-09 10:36:54,BRSNLG66R49F205Z,CSTVNT77C06F205I
45.4955 9.2085,2021-02-09 10:36:54,BRSNLG66R49F205Z,FLRMRA25T04F205E
45.4955 9.2085,2021-02-09 10:36:54,CSTVNT77C06F205I,FLRMRA25T04F205E
45.4955 9.2085,2021-04-27 10:40:27,CPPFDS87D47F205A,BRZRNI75C08F205Y
45.4955 9.2085,2021-04-27 10:40:27,CPPFDS87D47F205A,DRLBNC78L59F205Z
45.4955 9.2085,2021-04-27 10:40:27,BRZRNI75C08F205Y,DRLBNC78L59F205Z
45.4955 9.2085,2021-05-26 20:09:53,BLBLSN99A01F205X,RSSGRL34T52F205R
45.4955 9.2085,2021-09-30 23:12:42,SBTPRC51E51F205Z,DGSMRS98C12F205W
45.4955 9.2085,2021-11-25 01:07:02,BRLMNT33R67F205G,ZNNGNN98C24F205H
45.4955 9.2085,2021-11-25 01:07:02,BRLMNT33R67F205G,ZZICCT52A43F205N
45.4955 9.2085,2021-11-25 01:07:02,BRLMNT33R67F205G,BTTFRZ29D01F205L
45.4955 9.2085,2021-11-25 01:07:02,ZNNGNN98C24F205H,ZZICCT52A43F205N
45.4955 9.2085,2021-11-25 01:07:02,ZNNGNN98C24F205H,BTTFRZ29D01F205L
45.4955 9.2085,2021-11-25 01:07:02,ZZICCT52A43F205N,BTTFRZ29D01F205L
45.4955 9.2085,2021-12-20 01:33:03,CRSCRL91L69F205B,SCHDSD36C02F205R
45.4955 9.2085,2021-12-20 01:33:03,CRSCRL91L69F205B,BNZMRC86L05F205T
45.4955 9.2085,2021-12-20 01:33:03,CRSCRL91L69F205B,DBNLGU38M28F205V
45.4955 9.2085,2021-12-20 01:33:03,SCHDSD36C02F205R,BNZMRC86L05F205T
45.4955 9.2085,2021-12-20 01:33:03,SCHDSD36C02F205R,DBNLGU38M28F205V
45.4955 9.2085,2021-12-20 01:33:03,BNZMRC86L05F205T,DBNLGU38M28F205V
45.5093 9.1537,2020-03-27 16:29:18,RTOMLA74P68F205W,BNZRRT56L22F205D
45.5093 9.1537,2020-04-07 16:37:03,GLLREI26D09F205W,BLTWMI64S42F205G
45.5093 9.1537,2020-04-07 16:37:03,GLLREI26D09F205W,CNPZEI41T31F205J
45.5093 9.1537,2020-04-07 16:37:03,GLLREI26D09F205W,TSETTN59A58F205B
45.5093 9.1537,2020-04-07 16:37:03,GLLREI26D09F205W,CSTVNT77C06F205I
45.5093 9.1537,2020-04-07 16:37:03,BLTWMI64S42F205G,CNPZEI41T31F205J
45.5093 9.1537,2020-04-07 16:37:03,BLTWMI64S42F205G,TSETTN59A58F205B
45.5093 9.1537,2020-04-07 16:37:03,BLTWMI64S42F205G,CSTVNT77C06F205I
45.5093 9.1537,2020-04-07 16:37:03,CNPZEI41T31F205J,TSETTN59A58F205B
45.5093 9.1537,2020-04-07 16:37:03,CNPZEI41T31F205J,CSTVNT77C06F205I
45.5093 9.1537,2020-04-07 16:37:03,TSETTN59A58F205B,CSTVNT77C06F205I
45.5093 9.1537,2020-06-28 08:39:14,MROSLV28L50F205F,DBNJQI32D23F205V
45.5093 9.1537,2020-06-28 08:39:14,MROSLV28L50F205F,ZZICCT52A43F205N
45.5093 9.1537,2020-06-28 08:39:14,DBNJQI32D23F205V,ZZICCT52A43F205N
45.5093 9.1537,2020-11-05 01:24:29,FRRTZN41S41F205M,MLNQTN64T28F205N
45.5093 9.1537,2020-11-05 01:24:29,FRRTZN41S41F205M,GRODNC86D21F205V
45.5093 9.1537,2020-11-05 01:24:29,MLNQTN64T28F205N,GRODNC86D21F205V
45.5093 9.1537,2021-02-09 10:36:54,DPTGNN65A27F205I,BTTFRZ29D01F205L
45.5093 9.1537,2021-02-09 10:36:54,DPTGNN65A27F205I,ZRDMTT99S23F205K
45.5093 9.1537,2021-02-09 10:36:54,BTTFRZ29D01F205L,ZRDMTT99S23F205K
45.5093 9.1537,2021-04-27 10:40:27,MRCMDT81C53F205I,PNNRLG24D13F205G
45.5093 9.1537,2021-04-27 10:40:27,MRCMDT81C53F205I,FBRVNT26H69F205E
45.5093 9.1537,2021-04-27 10:40:27,PNNRLG24D13F205G,FBRVNT26H69F205E
45.5093 9.1537,2021-05-26 20:09:53,GRRPLA00C30F205O,SNTNGL56E13F205H
45.5093 9.1537,2021-05-26 20:09:53,GRRPLA00C30F205O,RSSCRL26B67F205M
45.5093 9.1537,2021-05-26 20:09:53,SNTNGL56E13F205H,RSSCRL26B67F205M
45.5093 9.1537,2021-09-30 23:12:42,MRNJGR80B01F205I,DGSMRC50A10F205I
45.5093 9.1537,2021-09-30 23:12:42,MRNJGR80B01F205I,MRCMDT81C53F205I
45.5093 9.1537,2021-09-30 23:12:42,DGSMRC50A10F205I,MRCMDT81C53F205I
45.5093 9.1537,2021-11-25 01:07:02,BRZGZL30R56F205I,CSTJJN70R29F205V
45.5093 9.1537,2021-11-25 01:07:02,BRZGZL30R56F205I,PRSRTI03P48F205U
45.5093 9.1537,2021-11-25 01:07:02,CSTJJN70R29F205V,PRSRTI03P48F205U
45.5093 9.1537,2021-12-20 01:33:03,PNIGPP55H07F205E,CNIMGS87S70F205V
45.5093 9.1537,2021-12-20 01:33:03,PNIGPP55H07F205E,GNTRNG39L64F205N
45.5093 9.1537,2021-12-20 01:33:03,CNIMGS87S70F205V,GNTRNG39L64F205N
45.5104 9.1385,2020-03-27 16:29:18,MRCMTT53T22F205P,BRZGRG77H17F205M
45.5104 9.1385,2020-03-27 16:29:18,MRCMTT53T22F205P,RSSVNT01D53F205M
45.5104 9.1385,2020-03-27 16:29:18,MRCMTT53T22F205P,FRRLBT39B42F205M
45.5104 9.1385,2020-03-27 16:29:18,BRZGRG77H17F205M,RSSVNT01D53F205M
45.5104 9.1385,2020-03-27 16:29:18,BRZGRG77H17F205M,FRRLBT39B42F205M
45.5104 9.1385,2020-03-27 16:29:18,RSSVNT01D53F205M,FRRLBT39B42F205M
45.5104 9.1385,2020-06-28 08:39:14,TRVMHL91E20F205I,FSTNGL32B25F205B
45.5104 9.1385,2020-06-28 08:39:14,TRVMHL91E20F205I,LLACGR80L71F205Z
45.5104 9.1385,2020-06-28 08:39:14,TRVMHL91E20F205I,CSTGPP64M04F205A
45.5104 9.1385,2020-06-28 08:39:14,FSTNGL32B25F205B,LLACGR80L71F205Z
45.5104 9.1385,2020-06-28 08:39:14,FSTNGL32B25F205B,CSTGPP64M04F205A
45.5104 9.1385,2020-06-28 08:39:14,LLACGR80L71F205Z,CSTGPP64M04F205A
45.5104 9.1385,2021-02-09 10:36:54,MNCDNL70S13F205A,DBNLGU38M28F205V
45.5104 9.1385,2021-04-27 10:40:27,CSTJRA87R27F205A,BRTGPP55L29F205T
45.5104 9.1385,2021-04-27 10:40:27,CSTJRA87R27F205A,CVLNZE54D25F205C
45.5104 9.1385,2021-04-27 10:40:27,CSTJRA87R27F205A,RSSPQL28B22F205J
45.5104 9.1385,2021-04-27 10:40:27,BRTGPP55L29F205T,CVLNZE54D25F205C
45.5104 9.1385,2021-04-27 10:40:27,BRTGPP55L29F205T,RSSPQL28B22F205J
45.5104 9.1385,2021-04-27 10:40:27,CVLNZE54D25F205C,RSSPQL28B22F205J
45.5104 9.1385,2021-05-26 20:09:53,RMNRSO39C65F205Q,RZZKJN46R10F205S
45.5104 9.1385,2021-09-30 23:12:42,GRRNNI58M58F205L,FRRVNT33R66F205E
45.5104 9.1385,2021-09-30 23:12:42,GRRNNI58M58F205L,CMPGRG51A46F205T
45.5104 9.1385,2021-09-30 23:12:42,FRRVNT33R66F205E,CMPGRG51A46F205T
45.5104 9.1385,2021-11-25 01:07:02,CSSLND92S66F205S,BGGCLD38D68F205W
45.5104 9.1385,2021-11-25 01:07:02,CSSLND92S66F205S,SBTPLA84P01F205R
45.5104 9.1385,2021-11-25 01:07:02,BGGCLD38D68F205W,SBTPLA84P01F205R
45.5104 9.1385,2021-12-20 01:33:03,SLVNRC74B27F205P,GRLBLH67P28F205N
45.5104 9.1385,2021-12-20 01:33:03,SLVNRC74B27F205P,DLCMHL22H30F205K
45.5104 9.1385,2021-12-20 01:33:03,GRLBLH67P28F205N,DLCMHL22H30F205K
45.5119 9.1265,2020-04-07 16:37:03,BRZGZL30R56F205I,RSSNNA33T66F205J
45.5119 9.1265,2020-04-07 16:37:03,BRZGZL30R56F205I,TRVVTR49H30F205Z
45.5119 9.1265,2020-04-07 16:37:03,RSSNNA33T66F205J,TRVVTR49H30F205Z
45.5119 9.1265,2020-06-28 08:39:14,FRRLBT39B42F205M,FRTMSM39S11F205C
45.5119 9.1265,2020-06-28 08:39:14,FRRLBT39B42F205M,SNNFRC32E03F205E
45.5119 9.1265,2020-06-28 08:39:14,FRRLBT39B42F205M,FRNNGL35H20F205O
45.5119 9.1265,2020-06-28 08:39:14,FRTMSM39S11F205C,SNNFRC32E03F205E
45.5119 9.1265,2020-06-28 08:39:14,FRTMSM39S11F205C,FRNNGL35H20F205O
45.5119 9.1265,2020-06-28 08:39:14,SNNFRC32E03F205E,FRNNGL35H20F205O
45.5119 9.1265,2020-11-05 01:24:29,RSSRHL51D64F205M,PNIGPP55H07F205E
45.5119 9.1265,2021-05-26 20:09:53,MLVSRN26T54F205K,RMGVNT40E50F205M
45.5119 9.1265,2021-05-26 20:09:53,MLVSRN26T54F205K,BNZMRC86L05F205T
45.5119 9.1265,2021-05-26 20:09:53,RMGVNT40E50F205M,BNZMRC86L05F205T
45.5119 9.1265,2021-11-25 01:07:02,SRFBRC62R41F205B,TLRLNZ29P06F205O
45.5119 9.1265,2021-12-20 01:33:03,DPTGNN65A27F205I,DGSMRC50A10F205I
45.5119 9.1265,2021-12-20 01:33:03,DPTGNN65A27F205I,PCHMMD66P24F205J
45.5119 9.1265,2021-12-20 01:33:03,DGSMRC50A10F205I,PCHMMD66P24F205J
45.5148 9.1515,2020-03-27 16:29:18,RSSLRT60B11F205L,BNCTTN58B66F205Z
45.5148 9.1515,2020-04-07 16:37:03,FBRVNT26H69F205E,BRBMRL51R64F205E
45.5148 9.1515,2020-06-28 08:39:14,GSTLNR54C65F205D,CNTBRC23R47F205Z
45.5148 9.1515,2020-11-05 01:24:29,SNTNGL56E13F205H,PLCMRC50B21F205B
45.5148 9.1515,2020-11-05 01:24:29,SNTNGL56E13F205H,BRZGRG77H17F205M
45.5148 9.1515,2020-11-05 01:24:29,PLCMRC50B21F205B,BRZGRG77H17F205M
45.5148 9.1515,2021-02-09 10:36:54,MZZVCN74H22F205R,DNGRSO41B67F205E
45.5148 9.1515,2021-04-27 10:40:27,RCCNLN45L50F205O,SPSGRG72L11F205C
45.5148 9.1515,2021-05-26 20:09:53,FNLNDR89S09F205V,MRTNGL87S19F205P
45.5148 9.1515,2021-09-30 23:12:42,BCCLNE22E50F205J,MNCCST42A53F205M
45.5148 9.1515,2021-09-30 23:12:42,BCCLNE22E50F205J,SNNFNC63M11F205C
45.5148 9.1515,2021-09-30 23:12:42,MNCCST42A53F205M,SNNFNC63M11F205C
45.5148 9.1515,2021-11-25 01:07:02,RSSNNA33T66F205J,FRRCLL30C28F205H
45.5148 9.1515,2021-11-25 01:07:02,RSSNNA33T66F205J,RSSLGU59S50F205R
45.5148 9.1515,2021-11-25 01:07:02,FRRCLL30C28F205H,RSSLGU59S50F205R
45.5148 9.1515,2021-12-20 01:33:03,GRODNC86D21F205V,MNCDNL70S13F205A
45.5191 9.177,2020-03-27 16:29:18,DNDGPP96A68F205X,DLCNLC23S45F205Y
45.5191 9.177,2020-04-07 16:37:03,DBNJQI32D23F205V,MSSMRC29A24F205P
45.5191 9.177,2020-11-05 01:24:29,MNTMRA65D01F205L,MTADTL92R54F205E
45.5191 9.177,2020-11-05 01:24:29,MNTMRA65D01F205L,RSSFNC67C54F205Z
45.5191 9.177,2020-11-05 01:24:29,MTADTL92R54F205E,RSSFNC67C54F205Z
45.5191 9.177,2021-02-09 10:36:54,TRVVTR49H30F205Z,TSETTN59A58F205B
45.5191 9.177,2021-02-09 10:36:54,TRVVTR49H30F205Z,CNPZEI41T31F205J
45.5191 9.177,2021-02-09 10:36:54,TSETTN59A58F205B,CNPZEI41T31F205J
45.5191 9.177,2021-04-27 10:40:27,MRCMTT53T22F205P,SMRSRN88T60F205M
45.5191 9.177,2021-04-27 10:40:27,MRCMTT53T22F205P,SNNFRC32E03F205E
45.5191 9.177,2021-04-27 10:40:27,MRCMTT53T22F205P,DBNLGU38M28F205V
45.5191 9.177,2021-04-27 10:40:27,SMRSRN88T60F205M,SNNFRC32E03F205E
45.5191 9.177,2021-04-27 10:40:27,SMRSRN88T60F205M,DBNLGU38M28F205V
45.5191 9.177,2021-04-27 10:40:27,SNNFRC32E03F205E,DBNLGU38M28F205V
45.5191 9.177,2021-05-26 20:09:53,SCRGPL35D19F205C,DLCJCP80S10F205E
45.5191 9.177,2021-09-30 23:12:42,MRNMTN78S47F205T,DMRFNZ02T16F205D
45.5191 9.177,2021-11-25 01:07:02,PLCMRC50B21F205B,GSTLNR54C65F205D
45.5191 9.177,2021-11-25 01:07:02,PLCMRC50B21F205B,BLTWMI64S42F205G
45.5191 9.177,2021-11-25 01:07:02,GSTLNR54C65F205D,BLTWMI64S42F205G
45.5191 9.177,2021-12-20 01:33:03,RSSFNC67C54F205Z,GLLCRS56P28F205U
45.5191 9.177,2021-12-20 01:33:03,RSSFNC67C54F205Z,DLCNLC23S45F205Y
45.5191 9.177,2021-12-20 01:33:03,GLLCRS56P28F205U,DLCNLC23S45F205Y
